{
  "thank": {
    "precision": 0.0,
    "recall": 0.0,
    "f1-score": 0.0,
    "support": 6,
    "confused_with": {
      "bot_challenge": 2,
      "affirm": 2,
      "goodbye": 1
    }
  },
  "bye": {
    "precision": 0.0,
    "recall": 0.0,
    "f1-score": 0.0,
    "support": 9,
    "confused_with": {
      "goodbye": 4,
      "greet": 3,
      "mood_great": 1
    }
  },
  "greet": {
    "precision": 0.6666666666666666,
    "recall": 0.75,
    "f1-score": 0.7058823529411765,
    "support": 8,
    "confused_with": {
      "bot_challenge": 2
    }
  },
  "micro avg": {
    "precision": 0.6666666666666666,
    "recall": 0.2608695652173913,
    "f1-score": 0.37500000000000006,
    "support": 23
  },
  "macro avg": {
    "precision": 0.2222222222222222,
    "recall": 0.25,
    "f1-score": 0.23529411764705885,
    "support": 23
  },
  "weighted avg": {
    "precision": 0.23188405797101447,
    "recall": 0.2608695652173913,
    "f1-score": 0.24552429667519182,
    "support": 23
  }
}